battle_id,player_won
0,0
1,1
2,0
3,1
4,0
5,0
6,1
7,1
8,1
9,1
10,1
11,0
12,1
13,0
14,1
15,0
16,1
17,1
18,0
19,1
20,0
21,1
22,0
23,1
24,1
25,0
26,0
27,1
28,1
29,0
30,0
31,1
32,0
33,0
34,1
35,1
36,0
37,0
38,0
39,0
40,1
41,0
42,1
43,1
44,0
45,1
46,1
47,0
48,0
49,0
50,1
51,1
52,1
53,0
54,1
55,0
56,1
57,1
58,1
59,0
60,0
61,1
62,1
63,0
64,1
65,0
66,1
67,1
68,1
69,0
70,1
71,1
72,0
73,1
74,1
75,0
76,1
77,1
78,0
79,1
80,1
81,0
82,1
83,1
84,1
85,1
86,0
87,1
88,0
89,0
90,0
91,0
92,1
93,0
94,1
95,0
96,1
97,1
98,1
99,0
100,1
101,1
102,0
103,1
104,0
105,0
106,1
107,1
108,1
109,1
110,1
111,1
112,0
113,1
114,1
115,1
116,0
117,1
118,0
119,1
120,0
121,0
122,1
123,1
124,0
125,1
126,1
127,1
128,0
129,1
130,1
131,0
132,1
133,1
134,0
135,1
136,1
137,0
138,1
139,1
140,0
141,0
142,1
143,0
144,0
145,1
146,0
147,1
148,1
149,1
150,0
151,0
152,0
153,1
154,0
155,0
156,1
157,1
158,0
159,1
160,0
161,0
162,1
163,0
164,1
165,1
166,1
167,0
168,1
169,1
170,0
171,0
172,1
173,0
174,1
175,1
176,1
177,0
178,0
179,1
180,1
181,1
182,1
183,1
184,1
185,0
186,1
187,1
188,0
189,1
190,1
191,0
192,1
193,0
194,0
195,1
196,1
197,0
198,0
199,1
200,0
201,0
202,1
203,1
204,0
205,0
206,1
207,1
208,1
209,1
210,1
211,1
212,1
213,1
214,1
215,1
216,1
217,1
218,1
219,0
220,0
221,0
222,1
223,1
224,1
225,0
226,1
227,1
228,1
229,1
230,1
231,1
232,1
233,0
234,1
235,1
236,0
237,0
238,1
239,1
240,1
241,1
242,0
243,1
244,0
245,1
246,0
247,0
248,0
249,0
250,0
251,1
252,1
253,0
254,1
255,1
256,1
257,0
258,1
259,0
260,1
261,0
262,1
263,1
264,0
265,1
266,1
267,1
268,1
269,0
270,0
271,1
272,0
273,1
274,0
275,1
276,0
277,0
278,0
279,0
280,1
281,1
282,0
283,1
284,0
285,1
286,1
287,0
288,1
289,1
290,1
291,0
292,1
293,1
294,1
295,1
296,1
297,1
298,1
299,0
300,1
301,1
302,1
303,1
304,1
305,0
306,1
307,0
308,0
309,1
310,1
311,1
312,0
313,1
314,0
315,1
316,1
317,0
318,0
319,0
320,1
321,1
322,0
323,1
324,1
325,0
326,0
327,0
328,1
329,1
330,0
331,0
332,1
333,1
334,1
335,1
336,1
337,1
338,0
339,1
340,0
341,1
342,1
343,0
344,1
345,0
346,1
347,1
348,1
349,0
350,0
351,1
352,1
353,0
354,0
355,1
356,0
357,0
358,0
359,0
360,0
361,1
362,0
363,1
364,1
365,0
366,1
367,1
368,0
369,0
370,1
371,0
372,0
373,1
374,1
375,0
376,0
377,1
378,1
379,0
380,0
381,1
382,0
383,1
384,0
385,1
386,1
387,0
388,1
389,1
390,0
391,1
392,0
393,1
394,0
395,0
396,0
397,0
398,0
399,1
400,1
401,1
402,1
403,1
404,1
405,1
406,1
407,0
408,0
409,1
410,1
411,1
412,1
413,1
414,0
415,1
416,0
417,1
418,1
419,1
420,0
421,0
422,0
423,0
424,1
425,0
426,1
427,1
428,1
429,0
430,0
431,0
432,0
433,1
434,1
435,0
436,0
437,0
438,1
439,1
440,0
441,0
442,1
443,1
444,0
445,0
446,1
447,1
448,0
449,0
450,0
451,0
452,1
453,0
454,0
455,1
456,0
457,0
458,0
459,1
460,0
461,1
462,0
463,0
464,1
465,0
466,1
467,1
468,0
469,0
470,0
471,1
472,1
473,1
474,0
475,1
476,0
477,1
478,0
479,1
480,1
481,0
482,0
483,0
484,0
485,0
486,1
487,0
488,0
489,0
490,0
491,1
492,1
493,0
494,1
495,0
496,1
497,1
498,0
499,1
500,0
501,1
502,1
503,0
504,1
505,0
506,0
507,0
508,1
509,0
510,1
511,0
512,1
513,1
514,1
515,1
516,1
517,1
518,1
519,1
520,1
521,1
522,1
523,1
524,1
525,1
526,1
527,1
528,1
529,1
530,1
531,1
532,1
533,1
534,0
535,1
536,1
537,1
538,1
539,0
540,0
541,1
542,0
543,1
544,0
545,1
546,0
547,1
548,1
549,0
550,1
551,0
552,0
553,1
554,0
555,0
556,0
557,1
558,1
559,1
560,1
561,0
562,0
563,1
564,0
565,0
566,0
567,1
568,0
569,0
570,1
571,1
572,0
573,1
574,1
575,0
576,1
577,0
578,0
579,1
580,0
581,0
582,1
583,1
584,1
585,0
586,0
587,0
588,1
589,1
590,1
591,0
592,0
593,0
594,0
595,1
596,1
597,1
598,1
599,1
600,1
601,0
602,1
603,0
604,1
605,1
606,1
607,1
608,1
609,0
610,1
611,1
612,1
613,1
614,0
615,1
616,0
617,1
618,1
619,1
620,1
621,1
622,1
623,0
624,1
625,1
626,0
627,0
628,0
629,1
630,1
631,0
632,0
633,1
634,1
635,1
636,1
637,1
638,1
639,1
640,0
641,1
642,1
643,1
644,0
645,0
646,0
647,1
648,0
649,0
650,0
651,0
652,1
653,0
654,1
655,1
656,0
657,1
658,1
659,0
660,0
661,0
662,1
663,1
664,0
665,1
666,1
667,0
668,0
669,0
670,0
671,0
672,1
673,1
674,0
675,0
676,0
677,1
678,1
679,1
680,0
681,0
682,0
683,0
684,1
685,0
686,1
687,1
688,1
689,1
690,1
691,0
692,0
693,0
694,0
695,1
696,1
697,1
698,1
699,1
700,0
701,0
702,0
703,1
704,1
705,0
706,1
707,1
708,0
709,1
710,1
711,0
712,0
713,1
714,0
715,1
716,0
717,0
718,0
719,1
720,1
721,0
722,0
723,0
724,1
725,0
726,1
727,1
728,0
729,0
730,0
731,1
732,1
733,0
734,0
735,1
736,0
737,1
738,0
739,0
740,1
741,0
742,1
743,1
744,0
745,1
746,1
747,1
748,1
749,0
750,0
751,1
752,0
753,0
754,0
755,0
756,0
757,1
758,0
759,0
760,0
761,0
762,0
763,0
764,1
765,0
766,1
767,0
768,0
769,0
770,1
771,1
772,1
773,1
774,1
775,1
776,0
777,1
778,0
779,1
780,1
781,0
782,0
783,0
784,1
785,0
786,1
787,0
788,0
789,0
790,0
791,0
792,1
793,1
794,0
795,0
796,1
797,1
798,1
799,1
800,1
801,1
802,1
803,1
804,0
805,0
806,0
807,0
808,0
809,1
810,0
811,1
812,1
813,0
814,0
815,1
816,1
817,0
818,1
819,1
820,1
821,1
822,0
823,1
824,0
825,0
826,0
827,0
828,1
829,0
830,0
831,0
832,0
833,1
834,0
835,1
836,1
837,1
838,0
839,1
840,1
841,0
842,1
843,1
844,0
845,1
846,0
847,0
848,1
849,0
850,0
851,1
852,0
853,1
854,0
855,1
856,0
857,0
858,1
859,0
860,1
861,0
862,1
863,1
864,0
865,1
866,1
867,1
868,0
869,1
870,0
871,0
872,1
873,1
874,0
875,1
876,1
877,0
878,1
879,1
880,0
881,1
882,1
883,1
884,0
885,1
886,0
887,1
888,0
889,0
890,1
891,0
892,0
893,1
894,0
895,0
896,0
897,1
898,0
899,0
900,1
901,1
902,0
903,1
904,1
905,0
906,0
907,1
908,0
909,1
910,0
911,1
912,0
913,0
914,1
915,0
916,1
917,1
918,1
919,0
920,0
921,0
922,1
923,1
924,1
925,1
926,1
927,0
928,1
929,1
930,1
931,0
932,1
933,1
934,1
935,1
936,0
937,1
938,1
939,0
940,1
941,1
942,1
943,1
944,1
945,0
946,0
947,0
948,0
949,0
950,1
951,0
952,1
953,1
954,0
955,1
956,1
957,0
958,1
959,1
960,0
961,0
962,1
963,1
964,0
965,1
966,1
967,0
968,1
969,1
970,0
971,0
972,1
973,0
974,0
975,1
976,0
977,1
978,1
979,0
980,0
981,1
982,1
983,0
984,0
985,1
986,1
987,1
988,0
989,0
990,0
991,0
992,1
993,1
994,1
995,0
996,0
997,0
998,0
999,1
1000,0
1001,0
1002,1
1003,0
1004,0
1005,0
1006,1
1007,1
1008,0
1009,0
1010,1
1011,0
1012,1
1013,1
1014,0
1015,0
1016,1
1017,1
1018,1
1019,0
1020,1
1021,0
1022,1
1023,0
1024,0
1025,1
1026,1
1027,1
1028,0
1029,0
1030,0
1031,0
1032,0
1033,0
1034,0
1035,0
1036,1
1037,0
1038,1
1039,0
1040,1
1041,1
1042,1
1043,1
1044,1
1045,1
1046,0
1047,0
1048,1
1049,1
1050,1
1051,1
1052,0
1053,0
1054,1
1055,0
1056,1
1057,1
1058,1
1059,1
1060,0
1061,1
1062,1
1063,1
1064,0
1065,1
1066,0
1067,0
1068,1
1069,0
1070,0
1071,1
1072,1
1073,1
1074,1
1075,0
1076,1
1077,0
1078,0
1079,1
1080,1
1081,1
1082,1
1083,1
1084,0
1085,0
1086,0
1087,0
1088,1
1089,1
1090,1
1091,0
1092,1
1093,1
1094,1
1095,0
1096,1
1097,1
1098,1
1099,0
1100,1
1101,1
1102,0
1103,1
1104,1
1105,1
1106,1
1107,0
1108,1
1109,1
1110,1
1111,0
1112,0
1113,0
1114,0
1115,1
1116,1
1117,1
1118,1
1119,1
1120,1
1121,1
1122,1
1123,1
1124,1
1125,0
1126,0
1127,0
1128,1
1129,1
1130,1
1131,1
1132,0
1133,0
1134,0
1135,0
1136,1
1137,0
1138,0
1139,0
1140,1
1141,1
1142,0
1143,1
1144,1
1145,1
1146,0
1147,1
1148,1
1149,1
1150,1
1151,0
1152,1
1153,0
1154,0
1155,0
1156,1
1157,1
1158,0
1159,1
1160,1
1161,0
1162,0
1163,1
1164,1
1165,1
1166,0
1167,0
1168,0
1169,0
1170,1
1171,0
1172,0
1173,1
1174,1
1175,0
1176,1
1177,0
1178,0
1179,1
1180,1
1181,1
1182,0
1183,0
1184,0
1185,0
1186,1
1187,0
1188,0
1189,1
1190,1
1191,0
1192,1
1193,1
1194,1
1195,1
1196,1
1197,1
1198,1
1199,0
1200,1
1201,1
1202,1
1203,0
1204,0
1205,1
1206,0
1207,1
1208,0
1209,0
1210,1
1211,0
1212,1
1213,1
1214,1
1215,1
1216,0
1217,1
1218,1
1219,1
1220,1
1221,1
1222,0
1223,1
1224,1
1225,1
1226,1
1227,1
1228,1
1229,0
1230,1
1231,1
1232,0
1233,1
1234,1
1235,0
1236,0
1237,0
1238,1
1239,0
1240,1
1241,0
1242,0
1243,0
1244,1
1245,1
1246,1
1247,1
1248,0
1249,1
1250,0
1251,1
1252,1
1253,1
1254,0
1255,1
1256,1
1257,0
1258,1
1259,1
1260,1
1261,1
1262,0
1263,1
1264,0
1265,0
1266,1
1267,0
1268,0
1269,0
1270,0
1271,0
1272,1
1273,0
1274,0
1275,1
1276,0
1277,1
1278,0
1279,0
1280,1
1281,0
1282,0
1283,1
1284,0
1285,0
1286,0
1287,1
1288,0
1289,1
1290,1
1291,1
1292,0
1293,1
1294,1
1295,0
1296,0
1297,1
1298,1
1299,1
1300,0
1301,1
1302,1
1303,1
1304,1
1305,1
1306,0
1307,1
1308,0
1309,0
1310,1
1311,0
1312,0
1313,0
1314,1
1315,0
1316,1
1317,0
1318,1
1319,0
1320,0
1321,1
1322,0
1323,0
1324,1
1325,1
1326,1
1327,1
1328,1
1329,1
1330,1
1331,0
1332,0
1333,1
1334,1
1335,0
1336,1
1337,1
1338,0
1339,1
1340,1
1341,1
1342,0
1343,1
1344,0
1345,1
1346,1
1347,1
1348,1
1349,0
1350,0
1351,0
1352,0
1353,0
1354,0
1355,1
1356,1
1357,1
1358,1
1359,0
1360,0
1361,1
1362,0
1363,1
1364,0
1365,1
1366,0
1367,0
1368,1
1369,1
1370,1
1371,0
1372,1
1373,0
1374,1
1375,1
1376,0
1377,0
1378,0
1379,1
1380,0
1381,0
1382,1
1383,1
1384,0
1385,0
1386,0
1387,0
1388,0
1389,1
1390,0
1391,0
1392,1
1393,1
1394,0
1395,0
1396,1
1397,0
1398,0
1399,1
1400,0
1401,0
1402,0
1403,0
1404,0
1405,1
1406,0
1407,0
1408,0
1409,1
1410,0
1411,0
1412,0
1413,0
1414,1
1415,1
1416,0
1417,1
1418,0
1419,0
1420,0
1421,0
1422,1
1423,1
1424,1
1425,1
1426,1
1427,0
1428,1
1429,0
1430,0
1431,1
1432,0
1433,0
1434,0
1435,0
1436,0
1437,0
1438,0
1439,0
1440,1
1441,1
1442,0
1443,1
1444,0
1445,1
1446,0
1447,1
1448,1
1449,0
1450,0
1451,0
1452,0
1453,1
1454,0
1455,0
1456,1
1457,1
1458,0
1459,0
1460,0
1461,1
1462,1
1463,1
1464,0
1465,1
1466,1
1467,1
1468,1
1469,1
1470,1
1471,0
1472,0
1473,0
1474,1
1475,1
1476,0
1477,1
1478,0
1479,0
1480,1
1481,1
1482,1
1483,0
1484,0
1485,1
1486,1
1487,1
1488,1
1489,1
1490,1
1491,0
1492,0
1493,0
1494,0
1495,1
1496,1
1497,1
1498,0
1499,0
1500,0
1501,0
1502,1
1503,1
1504,1
1505,1
1506,1
1507,0
1508,0
1509,1
1510,0
1511,1
1512,0
1513,0
1514,1
1515,0
1516,0
1517,1
1518,1
1519,1
1520,0
1521,0
1522,1
1523,0
1524,0
1525,0
1526,1
1527,1
1528,0
1529,0
1530,1
1531,1
1532,0
1533,0
1534,1
1535,1
1536,1
1537,1
1538,1
1539,0
1540,1
1541,0
1542,0
1543,1
1544,0
1545,0
1546,1
1547,1
1548,1
1549,1
1550,0
1551,1
1552,1
1553,1
1554,0
1555,0
1556,1
1557,1
1558,1
1559,0
1560,0
1561,0
1562,0
1563,1
1564,1
1565,1
1566,0
1567,0
1568,0
1569,1
1570,0
1571,1
1572,1
1573,0
1574,1
1575,0
1576,1
1577,0
1578,1
1579,1
1580,0
1581,1
1582,1
1583,1
1584,0
1585,0
1586,0
1587,1
1588,1
1589,0
1590,0
1591,1
1592,0
1593,0
1594,1
1595,1
1596,0
1597,0
1598,1
1599,1
1600,1
1601,0
1602,1
1603,0
1604,1
1605,1
1606,0
1607,0
1608,0
1609,0
1610,1
1611,1
1612,1
1613,1
1614,0
1615,1
1616,0
1617,1
1618,1
1619,0
1620,0
1621,1
1622,0
1623,0
1624,0
1625,0
1626,1
1627,1
1628,0
1629,0
1630,1
1631,1
1632,1
1633,1
1634,1
1635,0
1636,0
1637,0
1638,1
1639,0
1640,0
1641,1
1642,0
1643,1
1644,0
1645,1
1646,0
1647,1
1648,0
1649,1
1650,0
1651,0
1652,0
1653,0
1654,1
1655,1
1656,1
1657,1
1658,1
1659,0
1660,1
1661,1
1662,1
1663,1
1664,0
1665,1
1666,0
1667,0
1668,0
1669,0
1670,1
1671,1
1672,0
1673,1
1674,1
1675,0
1676,0
1677,1
1678,0
1679,1
1680,1
1681,0
1682,0
1683,1
1684,0
1685,0
1686,0
1687,0
1688,1
1689,0
1690,0
1691,0
1692,0
1693,0
1694,0
1695,0
1696,0
1697,1
1698,1
1699,1
1700,0
1701,0
1702,0
1703,1
1704,1
1705,1
1706,0
1707,1
1708,0
1709,0
1710,1
1711,1
1712,0
1713,0
1714,1
1715,0
1716,0
1717,0
1718,0
1719,1
1720,0
1721,1
1722,1
1723,0
1724,0
1725,0
1726,0
1727,1
1728,0
1729,0
1730,1
1731,0
1732,1
1733,1
1734,1
1735,0
1736,1
1737,1
1738,0
1739,0
1740,1
1741,0
1742,0
1743,1
1744,0
1745,0
1746,0
1747,0
1748,0
1749,0
1750,1
1751,1
1752,0
1753,1
1754,0
1755,0
1756,0
1757,0
1758,0
1759,1
1760,1
1761,0
1762,0
1763,1
1764,0
1765,1
1766,1
1767,1
1768,0
1769,1
1770,0
1771,0
1772,0
1773,0
1774,1
1775,1
1776,1
1777,1
1778,0
1779,1
1780,0
1781,1
1782,0
1783,0
1784,1
1785,0
1786,1
1787,0
1788,1
1789,1
1790,1
1791,1
1792,0
1793,1
1794,1
1795,0
1796,0
1797,0
1798,1
1799,0
1800,0
1801,0
1802,0
1803,0
1804,1
1805,1
1806,1
1807,0
1808,0
1809,0
1810,0
1811,0
1812,1
1813,1
1814,0
1815,0
1816,0
1817,0
1818,0
1819,0
1820,1
1821,1
1822,1
1823,1
1824,0
1825,0
1826,1
1827,1
1828,1
1829,0
1830,1
1831,0
1832,1
1833,1
1834,0
1835,0
1836,0
1837,1
1838,1
1839,0
1840,1
1841,1
1842,1
1843,0
1844,0
1845,0
1846,0
1847,0
1848,0
1849,0
1850,0
1851,0
1852,1
1853,0
1854,0
1855,1
1856,1
1857,0
1858,0
1859,0
1860,1
1861,0
1862,1
1863,0
1864,0
1865,1
1866,0
1867,0
1868,0
1869,0
1870,0
1871,1
1872,1
1873,0
1874,0
1875,0
1876,1
1877,1
1878,0
1879,0
1880,1
1881,1
1882,1
1883,1
1884,1
1885,1
1886,0
1887,0
1888,1
1889,1
1890,1
1891,0
1892,0
1893,0
1894,0
1895,0
1896,0
1897,1
1898,1
1899,0
1900,0
1901,1
1902,1
1903,0
1904,1
1905,0
1906,0
1907,0
1908,1
1909,1
1910,1
1911,1
1912,0
1913,0
1914,1
1915,1
1916,0
1917,0
1918,0
1919,0
1920,1
1921,1
1922,1
1923,1
1924,1
1925,1
1926,0
1927,1
1928,0
1929,1
1930,1
1931,0
1932,0
1933,0
1934,1
1935,0
1936,1
1937,1
1938,1
1939,0
1940,0
1941,1
1942,0
1943,1
1944,0
1945,0
1946,1
1947,0
1948,0
1949,0
1950,1
1951,0
1952,1
1953,0
1954,0
1955,0
1956,0
1957,0
1958,0
1959,1
1960,0
1961,1
1962,0
1963,1
1964,1
1965,1
1966,0
1967,1
1968,1
1969,1
1970,0
1971,0
1972,1
1973,0
1974,1
1975,1
1976,0
1977,0
1978,0
1979,1
1980,0
1981,1
1982,0
1983,1
1984,1
1985,0
1986,1
1987,1
1988,1
1989,0
1990,0
1991,1
1992,0
1993,0
1994,1
1995,0
1996,0
1997,0
1998,0
1999,0
2000,1
2001,1
2002,0
2003,0
2004,0
2005,0
2006,0
2007,1
2008,1
2009,1
2010,1
2011,0
2012,0
2013,1
2014,1
2015,0
2016,0
2017,1
2018,1
2019,0
2020,0
2021,1
2022,0
2023,1
2024,0
2025,0
2026,0
2027,0
2028,1
2029,0
2030,0
2031,1
2032,0
2033,1
2034,0
2035,1
2036,1
2037,1
2038,1
2039,0
2040,0
2041,1
2042,1
2043,1
2044,0
2045,1
2046,0
2047,1
2048,1
2049,0
2050,0
2051,1
2052,0
2053,0
2054,0
2055,0
2056,0
2057,0
2058,0
2059,1
2060,0
2061,1
2062,0
2063,0
2064,1
2065,0
2066,1
2067,1
2068,0
2069,1
2070,0
2071,0
2072,1
2073,1
2074,0
2075,0
2076,0
2077,0
2078,0
2079,1
2080,1
2081,1
2082,0
2083,1
2084,0
2085,1
2086,1
2087,0
2088,0
2089,0
2090,0
2091,1
2092,0
2093,1
2094,0
2095,1
2096,1
2097,0
2098,0
2099,0
2100,1
2101,0
2102,1
2103,1
2104,0
2105,0
2106,1
2107,1
2108,1
2109,0
2110,1
2111,0
2112,1
2113,1
2114,1
2115,0
2116,0
2117,0
2118,0
2119,1
2120,1
2121,1
2122,0
2123,1
2124,1
2125,0
2126,0
2127,0
2128,0
2129,1
2130,0
2131,0
2132,1
2133,1
2134,1
2135,1
2136,0
2137,0
2138,0
2139,0
2140,1
2141,1
2142,0
2143,1
2144,1
2145,1
2146,0
2147,0
2148,0
2149,0
2150,0
2151,0
2152,1
2153,1
2154,0
2155,1
2156,0
2157,1
2158,0
2159,1
2160,0
2161,1
2162,0
2163,0
2164,1
2165,1
2166,1
2167,1
2168,0
2169,1
2170,1
2171,0
2172,0
2173,0
2174,1
2175,1
2176,1
2177,0
2178,0
2179,0
2180,0
2181,0
2182,0
2183,0
2184,1
2185,0
2186,0
2187,0
2188,0
2189,1
2190,0
2191,1
2192,1
2193,1
2194,0
2195,0
2196,0
2197,1
2198,0
2199,1
2200,0
2201,0
2202,1
2203,0
2204,0
2205,0
2206,0
2207,0
2208,1
2209,0
2210,0
2211,1
2212,0
2213,0
2214,1
2215,1
2216,0
2217,0
2218,0
2219,0
2220,1
2221,0
2222,0
2223,0
2224,0
2225,0
2226,0
2227,0
2228,0
2229,1
2230,1
2231,0
2232,0
2233,0
2234,1
2235,1
2236,1
2237,0
2238,0
2239,1
2240,1
2241,0
2242,1
2243,0
2244,0
2245,0
2246,0
2247,0
2248,1
2249,0
2250,0
2251,0
2252,0
2253,0
2254,0
2255,1
2256,1
2257,1
2258,1
2259,0
2260,0
2261,1
2262,0
2263,0
2264,0
2265,1
2266,0
2267,0
2268,1
2269,0
2270,1
2271,1
2272,1
2273,1
2274,0
2275,0
2276,0
2277,0
2278,1
2279,0
2280,1
2281,0
2282,0
2283,0
2284,0
2285,1
2286,1
2287,1
2288,1
2289,0
2290,1
2291,0
2292,1
2293,1
2294,1
2295,0
2296,0
2297,0
2298,0
2299,1
2300,0
2301,0
2302,0
2303,0
2304,1
2305,0
2306,1
2307,0
2308,1
2309,1
2310,1
2311,0
2312,1
2313,1
2314,1
2315,1
2316,0
2317,1
2318,1
2319,1
2320,1
2321,1
2322,1
2323,0
2324,1
2325,0
2326,1
2327,1
2328,1
2329,0
2330,0
2331,0
2332,1
2333,0
2334,0
2335,0
2336,1
2337,1
2338,0
2339,0
2340,1
2341,1
2342,1
2343,0
2344,0
2345,0
2346,0
2347,0
2348,0
2349,0
2350,0
2351,0
2352,0
2353,0
2354,1
2355,0
2356,1
2357,0
2358,0
2359,0
2360,1
2361,1
2362,0
2363,1
2364,0
2365,0
2366,0
2367,1
2368,0
2369,1
2370,0
2371,1
2372,0
2373,0
2374,0
2375,0
2376,1
2377,1
2378,0
2379,0
2380,1
2381,0
2382,1
2383,1
2384,0
2385,1
2386,0
2387,1
2388,0
2389,0
2390,0
2391,1
2392,1
2393,0
2394,1
2395,1
2396,0
2397,0
2398,1
2399,0
2400,1
2401,1
2402,1
2403,0
2404,1
2405,1
2406,1
2407,0
2408,0
2409,0
2410,0
2411,1
2412,0
2413,1
2414,1
2415,1
2416,1
2417,0
2418,0
2419,0
2420,0
2421,1
2422,0
2423,0
2424,0
2425,1
2426,1
2427,0
2428,0
2429,1
2430,0
2431,0
2432,0
2433,0
2434,0
2435,0
2436,1
2437,0
2438,0
2439,1
2440,0
2441,0
2442,1
2443,1
2444,0
2445,1
2446,1
2447,0
2448,0
2449,1
2450,1
2451,1
2452,1
2453,1
2454,1
2455,1
2456,0
2457,1
2458,0
2459,0
2460,0
2461,1
2462,0
2463,1
2464,0
2465,0
2466,0
2467,1
2468,0
2469,1
2470,1
2471,0
2472,1
2473,0
2474,0
2475,1
2476,0
2477,1
2478,1
2479,1
2480,1
2481,0
2482,0
2483,0
2484,1
2485,1
2486,1
2487,1
2488,0
2489,0
2490,0
2491,0
2492,0
2493,1
2494,0
2495,1
2496,0
2497,1
2498,0
2499,0
2500,1
2501,1
2502,1
2503,0
2504,1
2505,0
2506,1
2507,0
2508,0
2509,1
2510,0
2511,0
2512,1
2513,0
2514,1
2515,0
2516,0
2517,0
2518,1
2519,0
2520,0
2521,0
2522,1
2523,1
2524,1
2525,0
2526,0
2527,1
2528,1
2529,0
2530,1
2531,0
2532,1
2533,1
2534,0
2535,1
2536,0
2537,0
2538,0
2539,0
2540,0
2541,0
2542,1
2543,0
2544,0
2545,0
2546,0
2547,1
2548,0
2549,0
2550,0
2551,0
2552,1
2553,1
2554,1
2555,0
2556,1
2557,1
2558,1
2559,1
2560,1
2561,0
2562,1
2563,1
2564,0
2565,0
2566,1
2567,0
2568,1
2569,0
2570,0
2571,0
2572,0
2573,0
2574,1
2575,1
2576,0
2577,0
2578,1
2579,0
2580,1
2581,0
2582,1
2583,0
2584,0
2585,0
2586,0
2587,0
2588,1
2589,1
2590,1
2591,0
2592,1
2593,1
2594,0
2595,0
2596,0
2597,1
2598,0
2599,1
2600,1
2601,0
2602,1
2603,0
2604,1
2605,0
2606,0
2607,1
2608,0
2609,1
2610,0
2611,1
2612,0
2613,0
2614,1
2615,0
2616,1
2617,1
2618,0
2619,0
2620,1
2621,0
2622,1
2623,1
2624,0
2625,0
2626,0
2627,1
2628,0
2629,0
2630,1
2631,1
2632,0
2633,0
2634,0
2635,0
2636,0
2637,1
2638,0
2639,1
2640,1
2641,0
2642,0
2643,0
2644,1
2645,0
2646,0
2647,1
2648,0
2649,0
2650,0
2651,0
2652,0
2653,0
2654,0
2655,0
2656,0
2657,1
2658,0
2659,1
2660,1
2661,1
2662,1
2663,0
2664,1
2665,1
2666,1
2667,1
2668,0
2669,1
2670,1
2671,0
2672,0
2673,1
2674,1
2675,0
2676,0
2677,0
2678,0
2679,1
2680,0
2681,0
2682,0
2683,0
2684,0
2685,1
2686,1
2687,0
2688,1
2689,0
2690,0
2691,1
2692,0
2693,0
2694,0
2695,0
2696,0
2697,0
2698,0
2699,0
2700,0
2701,1
2702,0
2703,0
2704,1
2705,1
2706,1
2707,1
2708,0
2709,1
2710,0
2711,0
2712,1
2713,1
2714,1
2715,0
2716,0
2717,0
2718,1
2719,0
2720,0
2721,0
2722,1
2723,0
2724,0
2725,0
2726,0
2727,0
2728,0
2729,1
2730,0
2731,0
2732,1
2733,1
2734,0
2735,0
2736,0
2737,1
2738,0
2739,0
2740,1
2741,0
2742,1
2743,1
2744,0
2745,0
2746,1
2747,0
2748,1
2749,0
2750,0
2751,0
2752,1
2753,0
2754,1
2755,0
2756,0
2757,1
2758,0
2759,0
2760,1
2761,0
2762,1
2763,1
2764,0
2765,0
2766,0
2767,0
2768,1
2769,0
2770,0
2771,0
2772,0
2773,0
2774,0
2775,0
2776,0
2777,0
2778,0
2779,1
2780,0
2781,1
2782,1
2783,1
2784,1
2785,0
2786,0
2787,1
2788,1
2789,0
2790,0
2791,0
2792,0
2793,0
2794,1
2795,1
2796,0
2797,0
2798,0
2799,1
2800,0
2801,0
2802,1
2803,0
2804,0
2805,1
2806,1
2807,1
2808,0
2809,0
2810,1
2811,0
2812,0
2813,0
2814,0
2815,0
2816,1
2817,1
2818,0
2819,0
2820,1
2821,1
2822,0
2823,0
2824,0
2825,1
2826,1
2827,1
2828,1
2829,1
2830,0
2831,0
2832,0
2833,1
2834,0
2835,0
2836,0
2837,0
2838,0
2839,1
2840,1
2841,0
2842,1
2843,1
2844,0
2845,0
2846,0
2847,0
2848,0
2849,0
2850,1
2851,0
2852,0
2853,0
2854,0
2855,0
2856,1
2857,0
2858,0
2859,0
2860,0
2861,0
2862,1
2863,0
2864,0
2865,1
2866,1
2867,0
2868,0
2869,1
2870,0
2871,1
2872,0
2873,0
2874,0
2875,0
2876,0
2877,0
2878,1
2879,1
2880,0
2881,0
2882,1
2883,1
2884,0
2885,1
2886,0
2887,0
2888,0
2889,1
2890,0
2891,1
2892,0
2893,0
2894,0
2895,0
2896,1
2897,0
2898,1
2899,1
2900,0
2901,0
2902,0
2903,0
2904,1
2905,0
2906,0
2907,1
2908,1
2909,1
2910,1
2911,1
2912,1
2913,0
2914,1
2915,0
2916,0
2917,1
2918,0
2919,0
2920,0
2921,0
2922,1
2923,0
2924,0
2925,0
2926,0
2927,0
2928,0
2929,0
2930,0
2931,1
2932,0
2933,1
2934,1
2935,0
2936,0
2937,0
2938,0
2939,0
2940,0
2941,0
2942,1
2943,0
2944,1
2945,1
2946,0
2947,1
2948,0
2949,1
2950,0
2951,0
2952,0
2953,0
2954,0
2955,1
2956,0
2957,0
2958,1
2959,0
2960,1
2961,0
2962,1
2963,0
2964,1
2965,1
2966,1
2967,0
2968,1
2969,0
2970,0
2971,0
2972,0
2973,0
2974,1
2975,1
2976,1
2977,0
2978,0
2979,1
2980,0
2981,1
2982,0
2983,0
2984,0
2985,0
2986,1
2987,0
2988,0
2989,0
2990,0
2991,0
2992,1
2993,1
2994,1
2995,0
2996,1
2997,1
2998,0
2999,1
3000,1
3001,0
3002,0
3003,0
3004,0
3005,1
3006,1
3007,1
3008,0
3009,0
3010,0
3011,0
3012,0
3013,1
3014,0
3015,1
3016,0
3017,0
3018,0
3019,1
3020,0
3021,1
3022,0
3023,1
3024,1
3025,0
3026,1
3027,1
3028,0
3029,0
3030,0
3031,0
3032,0
3033,1
3034,0
3035,1
3036,0
3037,1
3038,0
3039,0
3040,1
3041,1
3042,0
3043,0
3044,1
3045,1
3046,0
3047,1
3048,0
3049,0
3050,0
3051,0
3052,1
3053,0
3054,1
3055,0
3056,0
3057,0
3058,1
3059,0
3060,0
3061,0
3062,0
3063,0
3064,1
3065,0
3066,1
3067,1
3068,0
3069,0
3070,1
3071,0
3072,1
3073,0
3074,0
3075,0
3076,1
3077,0
3078,0
3079,0
3080,0
3081,0
3082,1
3083,0
3084,0
3085,0
3086,0
3087,0
3088,0
3089,0
3090,1
3091,0
3092,1
3093,0
3094,0
3095,1
3096,0
3097,0
3098,0
3099,0
3100,0
3101,0
3102,0
3103,0
3104,1
3105,1
3106,0
3107,1
3108,1
3109,0
3110,0
3111,1
3112,0
3113,1
3114,0
3115,0
3116,1
3117,0
3118,1
3119,1
3120,1
3121,1
3122,1
3123,0
3124,0
3125,1
3126,0
3127,0
3128,0
3129,1
3130,0
3131,0
3132,0
3133,0
3134,1
3135,0
3136,1
3137,0
3138,1
3139,1
3140,0
3141,0
3142,0
3143,0
3144,0
3145,0
3146,0
3147,0
3148,0
3149,0
3150,0
3151,0
3152,0
3153,1
3154,0
3155,1
3156,1
3157,0
3158,1
3159,0
3160,0
3161,0
3162,1
3163,0
3164,0
3165,0
3166,1
3167,1
3168,1
3169,0
3170,1
3171,1
3172,0
3173,0
3174,0
3175,1
3176,1
3177,1
3178,0
3179,0
3180,0
3181,1
3182,0
3183,1
3184,1
3185,0
3186,0
3187,0
3188,0
3189,0
3190,0
3191,1
3192,0
3193,1
3194,0
3195,0
3196,1
3197,0
3198,0
3199,0
3200,1
3201,1
3202,0
3203,1
3204,0
3205,0
3206,0
3207,0
3208,0
3209,1
3210,0
3211,0
3212,1
3213,0
3214,0
3215,0
3216,0
3217,0
3218,1
3219,1
3220,0
3221,0
3222,1
3223,1
3224,1
3225,1
3226,1
3227,0
3228,0
3229,0
3230,0
3231,0
3232,0
3233,1
3234,0
3235,0
3236,1
3237,1
3238,0
3239,1
3240,0
3241,0
3242,0
3243,0
3244,1
3245,0
3246,0
3247,0
3248,0
3249,0
3250,0
3251,0
3252,1
3253,0
3254,0
3255,1
3256,1
3257,1
3258,0
3259,0
3260,0
3261,1
3262,0
3263,0
3264,0
3265,1
3266,1
3267,1
3268,0
3269,0
3270,0
3271,0
3272,0
3273,0
3274,0
3275,1
3276,0
3277,0
3278,0
3279,1
3280,0
3281,0
3282,1
3283,0
3284,0
3285,0
3286,0
3287,0
3288,0
3289,0
3290,0
3291,0
3292,0
3293,1
3294,1
3295,0
3296,1
3297,0
3298,0
3299,0
3300,0
3301,1
3302,0
3303,1
3304,0
3305,0
3306,1
3307,0
3308,0
3309,1
3310,0
3311,1
3312,0
3313,0
3314,0
3315,0
3316,1
3317,1
3318,0
3319,1
3320,1
3321,1
3322,0
3323,1
3324,0
3325,0
3326,0
3327,1
3328,0
3329,0
3330,0
3331,1
3332,0
3333,1
3334,0
3335,0
3336,1
3337,0
3338,0
3339,0
3340,0
3341,0
3342,0
3343,0
3344,0
3345,0
3346,0
3347,0
3348,0
3349,0
3350,0
3351,0
3352,0
3353,0
3354,0
3355,1
3356,1
3357,0
3358,0
3359,0
3360,0
3361,0
3362,0
3363,0
3364,0
3365,0
3366,0
3367,1
3368,0
3369,0
3370,1
3371,1
3372,0
3373,0
3374,1
3375,1
3376,1
3377,0
3378,0
3379,0
3380,1
3381,1
3382,0
3383,0
3384,0
3385,0
3386,1
3387,0
3388,0
3389,1
3390,1
3391,1
3392,0
3393,0
3394,1
3395,0
3396,0
3397,0
3398,0
3399,1
3400,0
3401,1
3402,0
3403,1
3404,1
3405,0
3406,1
3407,1
3408,0
3409,0
3410,0
3411,0
3412,0
3413,0
3414,1
3415,1
3416,1
3417,1
3418,1
3419,1
3420,0
3421,0
3422,0
3423,0
3424,0
3425,0
3426,0
3427,0
3428,0
3429,0
3430,0
3431,1
3432,0
3433,0
3434,0
3435,0
3436,1
3437,0
3438,0
3439,0
3440,0
3441,0
3442,1
3443,1
3444,0
3445,1
3446,1
3447,0
3448,1
3449,0
3450,1
3451,0
3452,0
3453,1
3454,0
3455,0
3456,0
3457,0
3458,0
3459,0
3460,0
3461,1
3462,0
3463,1
3464,0
3465,0
3466,0
3467,1
3468,0
3469,1
3470,1
3471,0
3472,1
3473,0
3474,0
3475,0
3476,1
3477,0
3478,0
3479,1
3480,1
3481,0
3482,1
3483,0
3484,1
3485,0
3486,0
3487,1
3488,1
3489,1
3490,0
3491,1
3492,0
3493,1
3494,1
3495,0
3496,1
3497,0
3498,0
3499,0
3500,1
3501,0
3502,0
3503,0
3504,0
3505,0
3506,0
3507,0
3508,0
3509,0
3510,0
3511,0
3512,1
3513,0
3514,0
3515,0
3516,0
3517,1
3518,0
3519,0
3520,0
3521,1
3522,1
3523,0
3524,0
3525,1
3526,0
3527,0
3528,0
3529,1
3530,0
3531,0
3532,0
3533,1
3534,0
3535,1
3536,0
3537,0
3538,1
3539,1
3540,1
3541,0
3542,0
3543,0
3544,0
3545,0
3546,0
3547,0
3548,1
3549,1
3550,0
3551,0
3552,0
3553,0
3554,1
3555,1
3556,0
3557,0
3558,1
3559,0
3560,1
3561,0
3562,0
3563,1
3564,1
3565,0
3566,0
3567,1
3568,0
3569,1
3570,0
3571,0
3572,0
3573,0
3574,0
3575,0
3576,1
3577,0
3578,0
3579,0
3580,0
3581,0
3582,1
3583,1
3584,1
3585,1
3586,0
3587,1
3588,1
3589,0
3590,0
3591,1
3592,0
3593,0
3594,0
3595,1
3596,0
3597,1
3598,1
3599,1
3600,1
3601,1
3602,0
3603,0
3604,0
3605,0
3606,0
3607,1
3608,0
3609,0
3610,0
3611,0
3612,0
3613,0
3614,0
3615,0
3616,0
3617,0
3618,0
3619,0
3620,0
3621,0
3622,0
3623,1
3624,0
3625,0
3626,0
3627,0
3628,0
3629,1
3630,0
3631,0
3632,0
3633,0
3634,1
3635,1
3636,1
3637,0
3638,1
3639,0
3640,1
3641,0
3642,0
3643,0
3644,0
3645,0
3646,0
3647,1
3648,0
3649,0
3650,0
3651,0
3652,1
3653,1
3654,0
3655,0
3656,0
3657,1
3658,0
3659,0
3660,0
3661,0
3662,0
3663,0
3664,1
3665,1
3666,0
3667,0
3668,0
3669,1
3670,1
3671,1
3672,0
3673,0
3674,1
3675,1
3676,0
3677,1
3678,1
3679,1
3680,1
3681,1
3682,0
3683,0
3684,0
3685,0
3686,0
3687,1
3688,1
3689,0
3690,0
3691,0
3692,1
3693,1
3694,1
3695,0
3696,0
3697,0
3698,0
3699,0
3700,0
3701,0
3702,1
3703,0
3704,1
3705,0
3706,1
3707,0
3708,0
3709,0
3710,0
3711,1
3712,0
3713,0
3714,1
3715,0
3716,0
3717,0
3718,0
3719,1
3720,1
3721,1
3722,0
3723,0
3724,1
3725,0
3726,0
3727,0
3728,1
3729,1
3730,1
3731,0
3732,0
3733,0
3734,0
3735,0
3736,1
3737,1
3738,1
3739,0
3740,0
3741,0
3742,0
3743,1
3744,0
3745,0
3746,0
3747,1
3748,1
3749,0
3750,1
3751,0
3752,0
3753,0
3754,1
3755,0
3756,0
3757,0
3758,0
3759,0
3760,0
3761,0
3762,1
3763,1
3764,1
3765,1
3766,0
3767,0
3768,1
3769,1
3770,0
3771,0
3772,0
3773,0
3774,0
3775,0
3776,0
3777,0
3778,0
3779,0
3780,0
3781,0
3782,1
3783,1
3784,0
3785,0
3786,1
3787,0
3788,1
3789,0
3790,1
3791,0
3792,1
3793,0
3794,0
3795,0
3796,0
3797,0
3798,0
3799,0
3800,0
3801,0
3802,1
3803,0
3804,0
3805,1
3806,0
3807,1
3808,1
3809,0
3810,0
3811,0
3812,1
3813,0
3814,0
3815,1
3816,0
3817,1
3818,1
3819,0
3820,1
3821,1
3822,1
3823,1
3824,0
3825,0
3826,1
3827,0
3828,1
3829,0
3830,0
3831,1
3832,0
3833,1
3834,0
3835,0
3836,0
3837,1
3838,1
3839,1
3840,0
3841,1
3842,0
3843,0
3844,0
3845,1
3846,1
3847,0
3848,0
3849,0
3850,1
3851,1
3852,0
3853,0
3854,0
3855,0
3856,1
3857,1
3858,0
3859,1
3860,0
3861,0
3862,0
3863,0
3864,0
3865,1
3866,1
3867,0
3868,0
3869,0
3870,0
3871,1
3872,0
3873,0
3874,0
3875,0
3876,1
3877,0
3878,0
3879,1
3880,1
3881,0
3882,0
3883,0
3884,0
3885,0
3886,0
3887,1
3888,0
3889,0
3890,1
3891,1
3892,1
3893,0
3894,0
3895,1
3896,1
3897,0
3898,0
3899,0
3900,1
3901,0
3902,0
3903,1
3904,0
3905,1
3906,0
3907,1
3908,0
3909,1
3910,0
3911,0
3912,1
3913,0
3914,0
3915,1
3916,1
3917,1
3918,0
3919,0
3920,0
3921,0
3922,0
3923,1
3924,0
3925,0
3926,1
3927,0
3928,0
3929,1
3930,1
3931,0
3932,0
3933,1
3934,0
3935,1
3936,0
3937,0
3938,0
3939,0
3940,1
3941,1
3942,0
3943,1
3944,1
3945,1
3946,1
3947,1
3948,0
3949,0
3950,0
3951,0
3952,0
3953,0
3954,1
3955,1
3956,1
3957,1
3958,0
3959,0
3960,0
3961,1
3962,0
3963,0
3964,1
3965,0
3966,0
3967,0
3968,1
3969,0
3970,0
3971,0
3972,0
3973,1
3974,1
3975,1
3976,1
3977,1
3978,1
3979,0
3980,0
3981,1
3982,0
3983,0
3984,0
3985,0
3986,0
3987,1
3988,1
3989,0
3990,0
3991,0
3992,1
3993,1
3994,1
3995,0
3996,0
3997,0
3998,1
3999,0
4000,0
4001,1
4002,0
4003,1
4004,1
4005,1
4006,1
4007,0
4008,1
4009,0
4010,1
4011,0
4012,0
4013,0
4014,1
4015,1
4016,1
4017,0
4018,0
4019,0
4020,0
4021,1
4022,0
4023,1
4024,0
4025,0
4026,0
4027,1
4028,1
4029,0
4030,0
4031,1
4032,0
4033,1
4034,0
4035,1
4036,0
4037,1
4038,1
4039,0
4040,1
4041,1
4042,0
4043,1
4044,1
4045,0
4046,1
4047,0
4048,1
4049,0
4050,1
4051,0
4052,0
4053,0
4054,1
4055,1
4056,1
4057,0
4058,0
4059,1
4060,1
4061,0
4062,0
4063,0
4064,0
4065,1
4066,0
4067,1
4068,0
4069,1
4070,0
4071,1
4072,0
4073,1
4074,1
4075,1
4076,0
4077,0
4078,0
4079,0
4080,0
4081,0
4082,0
4083,0
4084,0
4085,1
4086,0
4087,0
4088,0
4089,0
4090,1
4091,0
4092,1
4093,1
4094,0
4095,0
4096,0
4097,0
4098,0
4099,0
4100,1
4101,0
4102,1
4103,0
4104,0
4105,0
4106,0
4107,0
4108,0
4109,1
4110,1
4111,0
4112,1
4113,1
4114,1
4115,0
4116,0
4117,0
4118,0
4119,0
4120,1
4121,0
4122,1
4123,1
4124,0
4125,0
4126,0
4127,1
4128,1
4129,1
4130,0
4131,0
4132,0
4133,0
4134,1
4135,0
4136,1
4137,0
4138,0
4139,1
4140,0
4141,1
4142,1
4143,1
4144,0
4145,1
4146,1
4147,0
4148,1
4149,1
4150,1
4151,0
4152,1
4153,0
4154,0
4155,1
4156,0
4157,0
4158,1
4159,0
4160,0
4161,0
4162,1
4163,0
4164,0
4165,1
4166,0
4167,1
4168,1
4169,0
4170,0
4171,1
4172,0
4173,1
4174,0
4175,0
4176,1
4177,1
4178,0
4179,0
4180,0
4181,1
4182,0
4183,0
4184,0
4185,0
4186,1
4187,1
4188,0
4189,0
4190,1
4191,1
4192,0
4193,1
4194,0
4195,0
4196,0
4197,0
4198,1
4199,1
4200,0
4201,1
4202,1
4203,0
4204,1
4205,1
4206,0
4207,0
4208,0
4209,0
4210,0
4211,0
4212,1
4213,0
4214,0
4215,0
4216,0
4217,1
4218,0
4219,0
4220,0
4221,0
4222,0
4223,0
4224,1
4225,0
4226,0
4227,1
4228,0
4229,1
4230,1
4231,0
4232,0
4233,0
4234,0
4235,0
4236,0
4237,1
4238,1
4239,0
4240,0
4241,1
4242,1
4243,0
4244,1
4245,0
4246,1
4247,0
4248,0
4249,0
4250,1
4251,1
4252,1
4253,1
4254,1
4255,1
4256,0
4257,1
4258,0
4259,0
4260,0
4261,1
4262,0
4263,1
4264,0
4265,0
4266,1
4267,0
4268,1
4269,0
4270,0
4271,0
4272,1
4273,0
4274,1
4275,1
4276,0
4277,1
4278,1
4279,1
4280,0
4281,0
4282,1
4283,0
4284,0
4285,0
4286,1
4287,0
4288,0
4289,1
4290,1
4291,0
4292,0
4293,0
4294,1
4295,0
4296,1
4297,1
4298,0
4299,0
4300,0
4301,0
4302,1
4303,0
4304,1
4305,0
4306,0
4307,0
4308,1
4309,0
4310,1
4311,1
4312,0
4313,0
4314,0
4315,0
4316,0
4317,0
4318,0
4319,1
4320,1
4321,0
4322,1
4323,1
4324,0
4325,1
4326,1
4327,0
4328,0
4329,0
4330,0
4331,0
4332,0
4333,0
4334,1
4335,1
4336,0
4337,0
4338,1
4339,0
4340,0
4341,0
4342,1
4343,1
4344,0
4345,1
4346,0
4347,0
4348,0
4349,0
4350,0
4351,0
4352,0
4353,0
4354,0
4355,1
4356,0
4357,0
4358,0
4359,1
4360,1
4361,0
4362,0
4363,0
4364,0
4365,0
4366,0
4367,1
4368,1
4369,0
4370,1
4371,0
4372,1
4373,0
4374,0
4375,0
4376,0
4377,0
4378,1
4379,0
4380,0
4381,0
4382,0
4383,0
4384,0
4385,0
4386,0
4387,0
4388,1
4389,1
4390,0
4391,0
4392,0
4393,1
4394,0
4395,0
4396,0
4397,0
4398,0
4399,0
4400,0
4401,0
4402,0
4403,1
4404,1
4405,0
4406,0
4407,1
4408,0
4409,1
4410,1
4411,1
4412,1
4413,0
4414,1
4415,1
4416,0
4417,0
4418,0
4419,1
4420,1
4421,0
4422,0
4423,1
4424,0
4425,0
4426,0
4427,1
4428,1
4429,1
4430,1
4431,0
4432,0
4433,1
4434,1
4435,0
4436,0
4437,1
4438,1
4439,0
4440,1
4441,0
4442,1
4443,0
4444,0
4445,0
4446,0
4447,1
4448,0
4449,0
4450,0
4451,0
4452,1
4453,0
4454,0
4455,0
4456,0
4457,0
4458,0
4459,0
4460,0
4461,0
4462,0
4463,0
4464,0
4465,1
4466,0
4467,0
4468,0
4469,1
4470,1
4471,0
4472,1
4473,1
4474,1
4475,1
4476,1
4477,0
4478,0
4479,0
4480,0
4481,1
4482,0
4483,1
4484,1
4485,0
4486,0
4487,1
4488,0
4489,0
4490,0
4491,0
4492,0
4493,0
4494,0
4495,0
4496,0
4497,1
4498,0
4499,0
4500,1
4501,1
4502,1
4503,0
4504,0
4505,0
4506,0
4507,0
4508,1
4509,1
4510,0
4511,1
4512,0
4513,1
4514,0
4515,0
4516,0
4517,0
4518,0
4519,1
4520,1
4521,0
4522,0
4523,1
4524,0
4525,1
4526,0
4527,1
4528,1
4529,0
4530,0
4531,0
4532,0
4533,0
4534,1
4535,1
4536,1
4537,0
4538,1
4539,0
4540,0
4541,0
4542,1
4543,0
4544,0
4545,1
4546,1
4547,1
4548,0
4549,1
4550,1
4551,1
4552,0
4553,0
4554,1
4555,0
4556,1
4557,0
4558,0
4559,0
4560,0
4561,0
4562,1
4563,0
4564,0
4565,1
4566,1
4567,1
4568,0
4569,0
4570,0
4571,0
4572,1
4573,1
4574,0
4575,0
4576,0
4577,1
4578,1
4579,0
4580,0
4581,1
4582,0
4583,1
4584,1
4585,1
4586,0
4587,1
4588,1
4589,0
4590,1
4591,1
4592,0
4593,1
4594,0
4595,1
4596,0
4597,0
4598,0
4599,0
4600,1
4601,0
4602,0
4603,1
4604,0
4605,0
4606,1
4607,0
4608,0
4609,1
4610,1
4611,1
4612,1
4613,1
4614,1
4615,1
4616,0
4617,1
4618,0
4619,0
4620,1
4621,0
4622,1
4623,0
4624,1
4625,1
4626,1
4627,1
4628,0
4629,0
4630,0
4631,0
4632,0
4633,1
4634,0
4635,0
4636,0
4637,1
4638,1
4639,0
4640,1
4641,0
4642,1
4643,0
4644,0
4645,0
4646,1
4647,0
4648,0
4649,1
4650,1
4651,0
4652,0
4653,1
4654,1
4655,1
4656,1
4657,1
4658,0
4659,0
4660,1
4661,1
4662,0
4663,1
4664,0
4665,0
4666,0
4667,1
4668,0
4669,0
4670,0
4671,0
4672,0
4673,0
4674,0
4675,0
4676,1
4677,0
4678,1
4679,1
4680,0
4681,0
4682,0
4683,0
4684,0
4685,0
4686,1
4687,0
4688,0
4689,0
4690,0
4691,0
4692,0
4693,1
4694,0
4695,0
4696,0
4697,0
4698,0
4699,0
4700,0
4701,0
4702,1
4703,0
4704,1
4705,1
4706,1
4707,1
4708,0
4709,0
4710,1
4711,1
4712,0
4713,0
4714,1
4715,0
4716,1
4717,1
4718,1
4719,0
4720,0
4721,0
4722,1
4723,0
4724,1
4725,1
4726,0
4727,1
4728,1
4729,1
4730,0
4731,1
4732,0
4733,0
4734,0
4735,0
4736,0
4737,0
4738,0
4739,0
4740,0
4741,0
4742,1
4743,0
4744,1
4745,0
4746,0
4747,0
4748,0
4749,1
4750,1
4751,0
4752,1
4753,1
4754,0
4755,0
4756,0
4757,0
4758,0
4759,0
4760,0
4761,0
4762,0
4763,1
4764,1
4765,1
4766,0
4767,1
4768,0
4769,1
4770,1
4771,0
4772,0
4773,1
4774,0
4775,0
4776,1
4777,0
4778,0
4779,1
4780,0
4781,1
4782,1
4783,0
4784,0
4785,1
4786,0
4787,1
4788,1
4789,0
4790,0
4791,0
4792,1
4793,0
4794,1
4795,0
4796,0
4797,1
4798,0
4799,0
4800,1
4801,1
4802,1
4803,0
4804,0
4805,0
4806,1
4807,0
4808,0
4809,0
4810,1
4811,1
4812,1
4813,0
4814,0
4815,1
4816,1
4817,0
4818,1
4819,0
4820,1
4821,0
4822,0
4823,1
4824,0
4825,1
4826,1
4827,0
4828,1
4829,1
4830,1
4831,1
4832,1
4833,0
4834,1
4835,1
4836,0
4837,1
4838,0
4839,0
4840,1
4841,0
4842,1
4843,1
4844,1
4845,0
4846,0
4847,0
4848,0
4849,0
4850,0
4851,1
4852,1
4853,0
4854,1
4855,0
4856,1
4857,1
4858,0
4859,0
4860,1
4861,1
4862,0
4863,0
4864,0
4865,1
4866,0
4867,1
4868,0
4869,1
4870,1
4871,1
4872,1
4873,1
4874,0
4875,1
4876,1
4877,0
4878,0
4879,0
4880,0
4881,0
4882,0
4883,0
4884,1
4885,0
4886,1
4887,1
4888,0
4889,0
4890,0
4891,0
4892,0
4893,1
4894,0
4895,0
4896,1
4897,1
4898,1
4899,1
4900,1
4901,1
4902,0
4903,0
4904,0
4905,1
4906,0
4907,1
4908,0
4909,0
4910,0
4911,0
4912,0
4913,1
4914,1
4915,0
4916,0
4917,0
4918,0
4919,0
4920,1
4921,0
4922,1
4923,1
4924,0
4925,0
4926,1
4927,1
4928,0
4929,1
4930,1
4931,0
4932,1
4933,0
4934,1
4935,0
4936,0
4937,1
4938,1
4939,0
4940,0
4941,1
4942,0
4943,0
4944,0
4945,1
4946,1
4947,1
4948,0
4949,1
4950,1
4951,0
4952,0
4953,0
4954,0
4955,0
4956,0
4957,0
4958,0
4959,0
4960,0
4961,0
4962,0
4963,0
4964,1
4965,0
4966,1
4967,0
4968,1
4969,0
4970,1
4971,0
4972,1
4973,0
4974,1
4975,1
4976,1
4977,0
4978,0
4979,0
4980,1
4981,0
4982,0
4983,0
4984,1
4985,1
4986,0
4987,0
4988,0
4989,1
4990,1
4991,0
4992,1
4993,0
4994,0
4995,0
4996,0
4997,0
4998,0
4999,1
